title,description,department,benefits,details,keywords
Benchmarking sobre confiabilidade de dados em empresas de referência,Benchmarking sobre confiabilidade de dados em empresas de referência,DPTMT,,Benchmarking sobre confiabilidade de dados em empresas de referência,benchmarking; confiabilidade
Recomendações de potenciais melhorias para a métrica de confiabilidade dos dados,"Recomendações de potenciais melhorias para a métrica de confiabilidade dos dados, identificando níveis de incerteza e fatores causadores",DPTMT,,"Recomendações de potenciais melhorias para a métrica de confiabilidade dos dados, identificando níveis de incerteza e fatores causadores",métrica de confiabilidade dos dados
"Metodologias para padronização de estimativas de captação, lançamento e reuso","Metodologias para padronização de estimativas de captação, lançamento e reuso",DPTMT,,"Metodologias para padronização de estimativas de captação, lançamento e reuso",padronização de estimativas de captação; padronização de estimativas de lançamento; padronização de estimativas de reuso
Protocolo de apoio para a decisão de investimentos em melhorias para aumento de confiabilidade de dados,Protocolo de apoio para a decisão de investimentos em melhorias para aumento de confiabilidade de dados,DPTMT,,Protocolo de apoio para a decisão de investimentos em melhorias para aumento de confiabilidade de dados,decisão de investimentos; aumento de confiabilidade de dados
Aplicação do protocolo e metodologias de estimativas em uma unidade piloto,Aplicação do protocolo e metodologias de estimativas em uma unidade piloto,DPTMT,,Aplicação do protocolo e metodologias de estimativas em uma unidade piloto,protocolo; metodologias de estimativas
Análises de tomografia de raios-X em baterias de íons de lítio,"Nosso objetivo é a análise em células cilíndricas (modelo 18650) e em módulos de células pouch, a fim de encontrar indícios de degradação dos materiais, tal como o crescimento de dendritos de lítio, cavidades de ar ou fissuras nos eletrodos. Dimensões: Células cilíndricas - 1,86 x 6,52 cm Células pouch - 30 cm x 3,5 cm x 22cm (peso aproximado de 4 kg).",DPTMT,,"Nosso objetivo é a análise em células cilíndricas (modelo 18650) e em módulos de células pouch, a fim de encontrar indícios de degradação dos materiais, tal como o crescimento de dendritos de lítio, cavidades de ar ou fissuras nos eletrodos. Dimensões: Células cilíndricas - 1,86 x 6,52 cm Células pouch - 30 cm x 3,5 cm x 22cm (peso aproximado de 4 kg).",análise em células cilíndricas; análise em módulos de células pouch; degradação dos materiais; crescimento de dendritos de lítio; cavidades de ar; fissuras nos eletrodos
Ferramenta para monitoramento de vigência e revisões de metodologias laboratoriais,Sistema que realize a gestão de resíduos de propriedades agropecuárias associadas à empresa. Ferramenta que monitore a quantidade de efluente aplicado nas áreas de reflorestamento. Alternativas para a desinfecção de ambientes. Alternativa para análise de detecção de salmonella de maneira mais ágil. Alternativas para realização de soldagem sanitária. Alternativa para redução do consumo de combustível (cavaco/lenha). Sistemática que elimine ou minimize as paradas por temperatura não conforme na saída do túnel de congelamento no Industrializados. Alternativa para tratamento da ração após a peletização. Sistemática para que a tinta possa aderir a superfícies em ambientes úmidos.,DPTMT,,Sistema que realize a gestão de resíduos de propriedades agropecuárias associadas à empresa. Ferramenta que monitore a quantidade de efluente aplicado nas áreas de reflorestamento. Alternativas para a desinfecção de ambientes. Alternativa para análise de detecção de salmonella de maneira mais ágil. Alternativas para realização de soldagem sanitária. Alternativa para redução do consumo de combustível (cavaco/lenha). Sistemática que elimine ou minimize as paradas por temperatura não conforme na saída do túnel de congelamento no Industrializados. Alternativa para tratamento da ração após a peletização. Sistemática para que a tinta possa aderir a superfícies em ambientes úmidos.,monitoramento de vigência; revisões de metodologias laboratoriais; gestão de resíduos; quantidade de efluente; desinfecção de ambientes; detecção de salmonella; soldagem sanitária; redução do consumo de combustível; paradas por temperatura; tratamento da ração; tinta em ambientes úmidos
Descarte e/ou reciclagem de cabos ópticos,"Em todo o mundo, considerando a Era da Informação, empresas ligadas a telecomunicações têm dificuldades para encontrar formas sustentáveis de destinação dos resíduos de cabos ópticos. Por esta falta de serviço/processos, muitas têm retido / guardado toneladas de restos de cabos não utilizados ou que foram substituídos em campo. Outro fato importante é que a unidade principal dos cabos, a fibra óptica, não possui viabilidade técnica para reciclagem.",DPTMT,,"Desenvolver uma maneira econômica e ambientalmente viável de separação das partes que compõem os diferentes tipos de cabos ópticos, e encaminha-los a reciclagem e economia circular. Bem como, encontrar uma solução de menor impacto ambiental para destinação das fibras ópticas e de cabos ou núcleos dos mesmos que não possam ser separados das fibras, reduzindo assim o envio a coprocessamento e aterros industriais hoje já em estado de saturação. Tendo em vista, o crescente aumento de volumes e as dificuldades nos processos de blendagem. A solução deve ser aplicável em larga escala e em qualquer região do país, pois consideramos o âmbito nacional primeiramente para validação, e na sequência uma possibilidade de abrangência mundial em função da diferença de contextos. Deve haver redução do impacto ambiental em relação aos processos atuais de forma segura e economicamente sustentável.",
"Formas de fortalecer o ecommerce, para que os clientes comprem mais sozinhos","Atendemos um mercado B2B que possui comportamento de compra parecido com varejo (B2B like C). Oferecemos canais de autosserviço, mas o cliente foi aculturado a procurar o vendedor para receber negociações melhores do que as disponíveis no ecommerce. Isso consome muito tempo das equipes de vendas, que poderiam estar focadas em atividades mais estratégicas/longo prazo. Buscamos uma solução que utilize IA/ML e nos ajude a: 1) fazer o cliente usar mais o autosserviço 2) diminua o tempo gasto pela equipe comercial na elaboração de propostas 3) diminua o tempo de resposta ao cliente nas cotações 4) otimize o trabalho dos comerciais com a criação de ofertas personalizadas 1:1 com base no histórico de compra e taxa de propensão.",DPTMT,,"Diminuir o tempo de resposta ao cliente. Diminuir o tempo de fechamento do pedido (do desejo ao pedido colocado). Diminuir o tempo gasto pelas equipes comerciais com cotações. Aumentar a receita, melhorar a experiência do cliente, com maior retenção, fomentar uso dos canais digitais de autosserviço. Melhorar a produtividade das equipes de vendas e aumentar o tempo destinado a relacionamento/atividades estratégicas da equipe.Solução deve rodar em cloud, preferencialmente em AWS. Integrações em REST ou GraphQL. Sistema deve ter interface amigável. Deverá ser integrado com Salesforce (CRM). Deve atender políticas e boas práticas de segurança da informação. Oferecer proteção contra o vazamento de dados. Solução deve oferecer interface amigável em dispositivos móveis (para equipe de vendas). Experiência de uso do processo deve ser superior às ferramentas já existentes.",
Melhora na qualidade de cadastro de itens logísticos,"Dados de logística (peso, dimensões e múltiplos de embalagem) nascem errados nos cadastros de novos itens, e nem sempre são revisados ou incrementados no futuro pela dificuldade na gestão dos dados e alto volume de itens; Falta de alguns campos no ERP (como peso bruto) e dados logísticos distribuídos em diversos sistemas; Maior parte dos dados logísticos não são obrigatórios no cadastro de itens.",DPTMT,,"Gestão mais visual de todos os dados logísticos (pesos, dimensionais das embalagens e múltiplos possíveis); Cadastro e revisões dos dados dentro do mesmo sistema; Criação de templates base por tipo de produto (definindo os dados obrigatórios de cadastro); Inteligência em comparativo com itens similares (por descrição, ou família de produtos por exemplo). Integração com sistema ERP (Oracle EBS).",
Aquisição de dados a fim de usar IA para entendimento do mercado,"Utilizar dados para análises de mercado e coletar insights para o desenvolvimento do negócio. Solução que entregue fontes de dados relevantes para análise de forma estruturada para prever tendência do mercado. Coletar dados de fontes externas de forma estratégica, estruturada.",DPTMT,,Solução que entregue dados qualitativos de forma estruturada para análises. Dashboards com análises de mercado Relatórios. Criação de relatórios para desenvolvimento de entendimento do mercado. Possibilidade de utilizar os dados coletados em modelos de séries temporais. Integração com S3 AWS Integração com Tableau Uso de APIs,
Realidade virtual para treinamento na área de segurança do trabalho,"Precisamos aprimorar a prevenção de acidentes, capacitação de colaboradores e aperfeiçoamento dos procedimentos de segurança. A realidade virtual fornece um ambiente simulado e envolvente que reproduz com precisão as condições de trabalho reais. Queremos a possibilidade de os funcionários vivenciarem situações potencialmente perigosas de maneira segura e controlada. A seguir estão alguns pontos que faremos uso: 1) Simulações de situações de perigo específicas do local de trabalho, como operação de equipamentos pesados, manuseio de substâncias químicas ou procedimentos de emergência; 2) Exercícios para identificação de riscos e avaliação de segurança. Queremos usar a realidade virtual para auxiliar os colaboradores para desenvolver a percepção de risco. Ao vivenciar esses cenários de forma virtual, é viável avaliar e fazer alterações nos procedimentos de segurança com o objetivo de reduzir ou eliminar perigos antes que acidentes aconteçam. 3) Treinamento de segurança no sistema Lean. Criar treinamentos específicos e imersivos que permitam tomada de decisão para que os colaboradores se habituem com os procedimentos de segurança e a fazerem escolhas ágeis e efetivas em situações de pressão.",DPTMT,,"Melhorar a performance de segurança do trabalho, proporcionando treinamento mais prático, identificação de riscos mais precisa e preparação para a atividade de forma mais realista. Esperamos reduzir significativamente o número de acidentes e lesões no local de trabalho, garantindo um ambiente de trabalho mais seguro e saudável para todos os colaboradores.",
Transformar resíduos em produto/economia circular (pó de granalha e óxido),"Atualmente temos diversos resíduos que, após transformação, podemos utilizar em nosso processo ou agregar valor para reinserir na cadeia de fornecimento como subproduto. 1) Resíduo 1: O pó de granalha é um resíduo gerado no jato, que possui grande densidade e granulometria diferentes. Esse resíduo poderia ser utilizado como base para indústria cimentícia, construção civil e até mesmo melhor reaproveitado como granalha de aço. 2) Resíduo 2: Óxido gerado pelo corte a laser/plasma. Este óxido é composto pelos subprodutos do processo de corte, incluindo carepa, pó e sucata nobre. A sucata nobre consiste em material de alta qualidade que inadvertidamente é perdido no coletor de óxido. É imperativo desenvolver uma abordagem sistemática para reduzir a quantidade de sucata nobre e maximizar o aproveitamento do óxido, reintegrando-o à cadeia de suprimentos ou, potencialmente, incorporando-o de volta ao processo.",DPTMT,,São diversas oportunidades das quais citamos: Inovar e identificar oportunidades de produtos em resíduos; Reduzir a geração e desperdício; Agregar valor nos resíduos; Reduzir a demanda por recursos naturais novos; Reduzir custos,
Fluxo logístico interno e entre plantas,"Logística de armazenamento: Processo de armazenagem extremamente burocrático, quantidade enorme de etapas a serem seguidas, sem integração entre sistemas, para facilitar/melhorar o fluxo. Diversidade dos itens produtivos e processos: Nossas peças têm uma diversidade enorme de dimensões e processos, diversos roteiros diferentes para cada item. Disponibilidade de embalagem: Embalagem contida nos planos, em diversas situações não estão disponíveis para produção. Fluxo de peças arcaico e demorado: Todas as movimentações são feitas por empilhadeira, ou por paleteiras elétricas e manuais, o que acaba não sendo o ideal em algumas situações, trazendo uma movimentação muito grande de pessoal e processos manuais.",DPTMT,,"Um Fluxo de peças mais curto e mais inteligente. Agrupamento de famílias, separação por plantas, a fim de chegarmos a uma padronização dos nossos processos. Controle total do estoque de embalagens, fazendo com que sejam pagas juntamente com os itens, sempre tendo a embalagem correta, no tempo correto, para o devido uso, evitando improvisações. Com um processo mais padronizado seria possível pensar em outros meios de transporte para nosso fluxo, tais como: esteiras, carrinhos comboio, monovias, transportador de roletes. Ficando menos dependentes de processos manuais. Integração do sistema entre plantas, facilitando entrada e saída de notas, reduzir/otimizar o fluxo de logística, se possível unificando algumas etapas, criar critérios para armazenagem, sobretudo na Vertical 1, evitando estoque desnecessários. Separar os produtos por semelhanças de dimensões e de processo, para que se possa padronizar os processos pelos quais eles irão passar. Controle de estoque de embalagens de processos, vinculando-as à OP, para serem pagas juntamente com a OP, ter pessoal responsável por acompanhar execução de planos de embalagem interno, fazer um trabalho de otimização de embalagens na Vertical 1, com o intuito de liberar embalagens. Otimizar fluxo logístico, tornando menos burocrático, padronizar processos semelhantes, com o intuito de formar linhas de produção e começarmos a avaliar novas maneiras de se fazer o transporte interno.",
Otimização das tecnologias de soldagem e desenvolvimento de novas tecnologias,"Problemas de qualidade como de mordedura, falta de penetração, cordões concavo/convexo, porosidade, respingo etc… tanto no processo manual quanto no processo automatizado com robô. Processo automatizado temos excesso de ajuste de trajetórias devido variação de montabilidade e variações dos componentes descritas acima. No processo de solda manual temos enorme dificuldade na formação dos soldadores internamente e o mercado cada vez menos tem interesse nesta atividade. No processo robotizado muitas das vezes temos todas as tecnologias necessárias para resolver boa parte dos problemas, mas por falta do conhecimento não evoluímos nas tratativas. E acabamos buscando outras soluções não tão eficazes. Tolerâncias dos processos anteriores ao processo de soldagem, como o de corte plasma, dobra , conformação e estampagem dos componentes acabam interferindo principalmente no processo de soldagem automatizada. Usamos basicamente um único processo de soldagem MIG.",DPTMT,,Corpo técnico treinado para entendimento e aplicação das novas tecnologias a nível de ser um multiplicador. Conhecimento amplo das tecnologias do mercado. Maior assertividade nos novos projetos. Maior estabilidade no processo Ganhos cruciais em QUALIDADE e PRODUTIVIDADE. Que todo o projeto deste desafio tenha continuidade.,
Sistema RFID para localização/monitoramento de peças e ferramental/embalagens,"Com a constante necessidade de ampliação do parque fabril bem como o desenvolvimento de novos produtos e consequentemente o aumento do volume de itens em circulação no processo, existe a necessidade de uma solução para agilizar o gerenciamento da logística e localização destes itens no processo e entre plantas.",DPTMT,,"Agilidade e acuracidade no gerenciamento da localização e quantidade de produtos, ferramental e embalagens utilizadas no processo (facilidade em processos de inventário, auditorias e fluxo geral).",
Visão computacional para inspeção de qualidade,"Peças com problemas de qualidade que não são detectadas nas inspeções de qualidade da produção por ser um processo feito de forma manual, com registros de execução no papel, que gera erros e dificuldade em fazer a rastreabilidade, além de não executar de forma efetiva os problemas de qualidade entre processos da empresa. vemos oportunidade de resolução desse desafio que afeta um dos pilares centrais da empresa (Qualidade), com tecnologia de identificação de imagens avaliando aspectos visuais e tolerâncias nominais de cotas, definidas pelos requisitos de normas e/ou clientes cadastradas nos exames de qualidade do ERP.",DPTMT,,"Possibilidade de inspeção em 100% das peças e não em amostragem e eliminar identificação de problemas de qualidade no cliente. Integração entre dados cadastrados no ERP e atualização da manutenção desses dados de forma automática sem possibilidade de redundância. Software que faça inspeção de tolerância nominal (medidas) e não só de aparência visual. Possibilidade de utilização em modo offline no caso de queda de algum serviço como por exemplo link internet. Utilização de hardwares com tecnologia de wifi 5g ou internet industrial para não ser cabeada, evitando custos de mudanças de layout. Possibilidade de acesso via leitura ao BD (Bando de Dados) para realizar ETL e gerar dados gerenciais, ou que a própria solução venha embarcada com esse serviço.",
Novo conceito no desenvolvimento de ferramentais,"Atualmente o conceito de desenvolvimento do ferramental não possibilita flexibilidade de utilização entre diferentes produtos gerando pouca flexibilidade no processo, e custo elevado de fabricação. Temos necessidade de atualização do conceito buscando tecnologias mais atuais para facilitar a fabricação, setup e ajustes destes dispositivos bem como possibilitar compensações dimensionais dos produtos devido a variações e empenamentos causados pelo processo de solda.",DPTMT,,"Novo conceito de desenvolvimento do ferramental, visando facilidade e redução de custo de fabricação, atualização das tecnologias empregadas em fabricação de ferramental de solda bem como maior facilidade de compensações dimensionais derivadas do processo de solda e uma maior flexibilidade de utilização do ferramental em relação a gama de produtos produzidos e recursos fabris, agilidade em setup.",
Pesquisa de Preço Wholesale e Retail Brasil,"Pesquisa de preços praticados no atacado e varejo através de obtenção de dados em órgãos públicos de compra de tratores, colheitadeiras, pulverizadores e plantadeiras a ser entregue na seguinte forma: oletar preços dos modelos por região; Levantamento de dados mensais, sendo os arquivos compartilhados mensalmente.",DPTMT,,"Levantamento dos preços praticados no atacado e varejo para os seguintes produtos agrícolas (tratores, colheitadeiras, pulverizadores e plantadeiras).",
ornando a Gestão de Contratos mais Eficiente,"Desburocratizar a relação da empresa com o cartório, otimizando o registro de contratos e assinaturas com certificados digitais.",DPTMT,,"Agilidade, economia de papel, redução do prazo, redução de custos com transporte da documentação, satisfação do cliente. Assinatura digital em cartórios.",
Unificação de Dashboards de Múltiplas Lojas com Controle de Acesso por Loja,"Constante necessidade de manutenção individual de mais de 200 dashboards, cada um para uma loja específica.",DPTMT,,"Desenvolver uma solução que permita centralizar e facilitar as manutenções dos dashboards, evitando a necessidade de alterações em cada um dos dashboards das lojas. Cada loja pode acessar os dados de produção referente apenas a sua respectiva loja, o controle de acesso deve ser definido por usuário, havendo a necessidade de usuários masters com acesso de informações de todas as lojas. Integração de processos de ETL (Extract, Transform, Load) com o AWS Athena para garantir a atualização contínua dos dados. Capacidade de lidar com volume alto de dados e de quantidade de usuários simultâneos.",
Método de Treinamento com Inteligência Artificial,"Criar uma ferramenta que possa interagir com o usuário colaboradores da empresa de forma ágil, acessível e didática com Interface Intuitiva – projetada para facilitar a navegação e o uso por parte dos usuários, independentemente de sua experiência prévia com tecnologia. O objetivo é criar um chatbot baseado em Inteligência Artificial, para que os usuários façam perguntas, solicitem assistência e recebam respostas imediatas (24h por dia, 7 dias por semana). A ferramenta disponibilizará um amplo conjunto de informações relevantes para os usuários da empresa, incluindo documentos, manuais, políticas internas, FAQs (perguntas frequentes) e notícias corporativas. Contará também com o uso da ferramenta para realizar processos internos da empresa, como solicitação de serviços, acompanhamento de status, feedback sobre experiências, promovendo o aprendizado interativo.",DPTMT,,"Eficiência no desenvolvimento interno da empresa. Rapidez e autonomia no atendimento interno e externo. Impulsionamento de crescimento profissional dos colaboradores. Credibilidade ao colaborador. Economia significativa com atendimento aos parceiros-terceiros. Redução significativa em números de chamados para TI. A ferramenta deverá ser desenvolvida utilizando tecnologias modernas de desenvolvimento de software, incluindo linguagens de programação como JavaScript e Python, frameworks como React e Django, bancos de dados SQL e ferramentas de inteligência artificial para o chatbot. JavaScript: Criação lógica de back-end Django: Criação de API REST React.js: Interface com usuário SQL: Armazenamento de Dados",
Atendimento de clientes com Inteligência Artificial,"Desenvolver e implementar um sistema de atendimento automatizado utilizando Inteligência Artificial (IA) humanizada para responder às dúvidas dos usuários após a simulação de soluções financeiras no site e sistema da empresa. A ideia é atuar desde o esclarecimento de uma simples dúvida sobre o produto, até o fechamento da venda.",DPTMT,,"Melhorias na experiência do usuário, redução do tempo de resposta, maior eficiência operacional, aprendizado contínuo, maior retenção de clientes, análise de dados e insights, posicionamento competitivo. A IA humanizada deve ser integrada de forma transparente ao site da empresa, com uma interface de usuário intuitiva e de fácil acesso; Compreensão de Linguagem Natural: Capacidade de compreender perguntas em linguagem natural, incluindo variações de sintaxe e semântica. Reconhecimento de palavras-chave e contextos relevantes para fornecer respostas precisas e úteis. Respostas Contextualizadas: Geração de respostas contextualizadas e relevantes com base nas perguntas dos usuários, levando em consideração o contexto da conversa; Personalização e Customização: Flexibilidade para personalizar e customizar as respostas de acordo com as políticas, procedimentos e características específicas da empresa. Capacidade de incorporar a identidade e tom de voz da marca; Aprendizado Contínuo: Mecanismos de aprendizado contínuo para aprimorar a compreensão e precisão das respostas ao longo do tempo, com base no feedback dos usuários e em novos dados.",
Geração de Vapor Instantâneo Móvel,"Necessitamos de um equipamento que possa gerar vapor instantaneamente e ser facilmente transportável para diferentes locais de operação. Além disso, é fundamental que o dispositivo ofereça segurança aos operadores durante o seu uso.",DPTMT,,"Maior flexibilidade na aplicação de vapor para controle microbiológico. Segurança no uso da ferramenta, geração instantânea de vapor e mobilidade da ferramenta",
Identificação de Fragmentos Plásticos,"Apresentamos a necessidade de identificar fragmentos plásticos em nossos produtos, tanto congelados quanto in natura. Atualmente, contamos com sistemas de raios-X para detecção de ossos e detectores de metal, porém, a detecção de fragmentos plásticos é um desafio. Estes fragmentos podem estar na superfície externa do produto ou entremeados e abaixo dele, dificultando a detecção visual. Buscamos uma solução que empregue tecnologias avançadas de imagem para identificar com precisão esses corpos estranhos. A solução deve ser capaz de identificar e remover do processo produtos não conformes.",DPTMT,,"Tecnologia que identifique as não conformidades e remova da linha de produção. Assertividade maior que 99%, integração com SAP, ocupar pouco espaço na linha de produção",
Ovo cama – Tecnologia/Equipamento para manejo das aves,"No matrizeiro (granja de produção de ovos férteis), uma etapa importante para o trabalho é a educação das aves para que a ovo-posição aconteça preferencialmente nos ninhos, caso contrário as aves adquirem o hábito de realiza-la nas camas, aumentando desse modo a maior probabilidade de contaminação na casca dos ovos e consequentemente no pintainho (contaminação cruzada para outros lotes no incubatório). Neste viés, o quesito salmonela apresenta maior ocorrência em ovos de cama, e esta probabilidade se estende na contaminação destes em outros ovos/pintainhos no incubatório (etapa posterior ao matrizeiro). Outro prejuízo que os ovos de cama apresentam é a redução nos índices de eclosão nos ovos, configurando uma queda em média de 10% nos nascimentos dos pintainhos em comparação aos ovos de ninho. Além dessa redução, a qualidade do pintainho que nasce é inferior, o qual apresenta uma maior mortalidade inicial, menos ganho de peso, piora da conversão alimentar e aumento de condenações no frigorífico. Um ponto de atenção está no aumento da mão de obra na recolha dos ovos de cama, trabalho este que desloca o tempo do funcionário para uma demanda que poderia ser melhor aproveitada, como por exemplo, para o controle de indicadores para tomadas de decisões mais assertivas e impactantes.",DPTMT,,Aumento dos ovos de ninho e redução dos ovos de cama. Manter o bem-estar das aves sem causar excesso de estresse.,
Automatização do processo de refile de peixe,O processo de refile do filé de tilápia é a realização de um corte em formato de V para retirada de espinhos.,DPTMT,,"Garantir que 100% dos files de tilápia processados não tenham qualquer tipo de espinhos, automatização do processo e redução da demanda de mão de obra para realização da tarefa. Garantia da ausência de espinhos após processo de verificação. Perde de rendimento no processo de refile. A solução deve permitir acompanhamento de produtividade.",
Destinação de dejetos de suínos,"Restrições de espaço físico para depósito dos dejetos de suínos, devido alto nível de fósforo (que pode gerar impacto ambiental no solo) e alto volume de geração destes dejetos.",DPTMT,,Solução que proporcione o crescimento da atividade de suinocultura para nossos cooperados. A solução não pode trazer riscos sanitários para a cooperativa ou cooperados.,
Energia alternativa para aquecimento de aviários,"Atualmente utilizamos a queima de lenha, cavaco ou pellets para aquecimento dos aviários.",DPTMT,,Encontrar outras formas de geração de energia economicamente mais viaveis financeiramente que o modelo atual.,
Limpeza de tanques de piscicultura e destinação dos resíduos,"O lodo depositado nos tanques de piscicultura é rico em nitrogênio e fósforo, e análises laboratoriais realizadas demonstram que a composição deste material tem mais nutrientes que esterco de aves ou suínos.",DPTMT,,Transformação deste material orgânico (lodo) em adubo mineral orgânico ou composto concentrado.,
Higienização frigorífico,"Adotar novo processo de limpeza das plantas, buscando alternativas para automatizar tarefas.",DPTMT,,"Tecnologia, produto ou processo que reduza o consumo de água, redução de água enviada para tratamento de efluentes e redução de mão de obra.",
nspeção visual de carcaças de aves,Inspeção visual das carcaças de frango na linha de abate por colaboradores do SIF e Controle de Qualidade. Atividade demanda grande quantidade de colaboradores.,DPTMT,,"Maior assertividade na classificação de carcaças, redução de perda de carne e aumento de rendimento. A inspeção automatizada deve ter elevado percentual de assertividade.",
Dosagens de Ingredientes e Rastreabilidade,"A automação atual, não fornece dados confiáveis e detalhados para gestão de dosagens e rastreabilidade, além disso, não é fácil identificar falhas durante o processo, dificultando o trabalho de rastreabilidade e colocando em dúvida se a dosagem foi assertiva para cada componente da fórmula, podendo interferir na qualidade da ração e gerar reprocesso, pois maioria dos casos identifica se desvio pelo cheiro, cor da ração ou rejeição do animal no campo, causando prejuízos e desgastes com produtor. Problemas: – Não conseguimos garantir a pesagem assertiva dos ingredientes que compõe a fórmula; – Não possuímos relatórios de pesagem de fácil interpretação para controle detalhado. – Quando ocorre divergência no peso, não temos registro do motivo do desvio, se houve tratativa durante o processo e registro qual ação foi tomada e o qual usuário que a realizou. – Não conseguimos identificar de qual silo o ingrediente foi dosado, qual caminho percorreu e após o processo produtivo, também é necessário identificar para qual silo a ração foi enviada. – Pesagem de micro ingredientes são realizadas de forma manual assim como o abastecimento destes itens ocorre durante a produção de forma manual também. O silo que é abastecido manual durante a produção, não possui leitor de código de barras para identificação do produto (se está de acordo com o lote em produção).",DPTMT,,Espera-se desenvolver ou encontrar ferramentas que garantam a assertividade nas dosagens com controle de rastreabilidade de forma geral. Integração com ERP Senior,
Controle de Acesso,"Hoje não possuímos controle de acesso eficaz nas unidades industriais, tanto para pessoas como veículos da empresa e terceiros. Ocorre que pessoas tem acesso ao pátio da empresa sem conter identificação ou serem anunciados. O fluxo necessário não é seguido, veículos chegam as docas de carregamento sem passar pela balança e os motoristas alegam que não foram orientados, tão pouco apresentaram os documentos necessários para adentrar na empresa. Um controle ineficaz facilita a entrada de pessoas e veículos não autorizados, podendo levar a furtos, depredação do patrimônio entre outros incidentes.",DPTMT,,Espera-se desenvolver ou encontrar ferramentas de controle ao acesso de pessoas e veículos dentro das unidades da Cooperativa que possibilitem maior segurança e eficácia nas operações. Integração com o ERP Sênior,
Gestão de Estoque,Agilidade na contagem de estoque e otimização no processo de produção.,DPTMT,,"Acesso para que as equipes tenham mais praticidade e agilidade ao contarem os estoques, e que possa resultar em menos tempo de parada de produção.",
Automatização da linha de microdosagem de produto,"Falta de rastreabilidade na fábrica de ração (tempo, lote e quantidade dosado). Necessidade de garantir a padronização de quantidades no processo de dosagem das matérias-primas do premix.",DPTMT,,"Maior confiabilidade e rastreabilidade de estoque, otimização do tempo e mão de obra. Garantia da qualidade do produto final",
Desenvolvimento do sistema de leitura de código de barra/QRcode,Necessidade de controle de estoque desde a matéria prima recebida até o cliente final.,DPTMT,,Padronização nos processos desde o recebimento até a expedição do produto final.,
Rastreamento de informações do processo de beneficiamento de sementes,"O problema hoje é na agilidade do fluxo das informações da rastreabilidade a partir do recebimento nas moegas, como o processo é manual em planilhas preenchidas à mão a busca por informações em um determinado processo se torna demorada.",DPTMT,,"Esperamos que seja possível ter um sistema interno, alimentado por uma pessoa que gere informações a respeito do “caminho” percorrido por um lote dentro do barracão desde sua chegada na balança, até o carregamento. Garantindo maior agilidade nos processos, diminuindo riscos de contaminação interna entre cultivares e possíveis indenizações à clientes, reduzindo os riscos de multa em caso de fiscalização, possibilitando também, Bonificação mais precisa aos produtores de sementes.",
IA para análise de riscos corporativos,"A inteligência artificial (IA) é fundamental na análise de riscos corporativos. Ela analisa dados em tempo real, detecta anomalias, prevê riscos futuros, monitora mídias sociais e automatiza processos. Além disso, a IA modela riscos complexos e auxilia na tomada de decisões. Ao processar grandes volumes de dados, fornece insights valiosos para entender e mitigar os riscos. A combinação de IA com análise humana oferece uma visão abrangente dos desafios enfrentados pelas empresas, aumentando a eficiência e a precisão na gestão de riscos corporativos.",DPTMT,,"Uma solução que via API se conecte com nosso ERP e Sistema de Monitoramento CFTV para extrair informações históricas e on time, como por exemplo: lançamento de CAT’s e através de um parâmetro definido, estime o nível de probabilidade de ocorrência e possível impacto para a organização, outro exemplo: que identifique através de CF TV colaboradores sem EPI. Está solução precisa fornecer uma estimativa da análise do risco em duas dimensões, probabilidade de ocorrência e impacto para organização. A probabilidade precisa ser parametrizável, ou seja, preciso definir parâmetros para cada nível de probabilidade, a solução então apresenta o nível com base no parâmetro que foi estipulado. Realizar a identificação de comportamentos inadequados no back office para captura de fraudes internas, seja em transações financeiras, logística, depósito, falhas de produtos, concessão de crédito etc.",
Destinação de embalagens com logomarca,"A empresa é responsável por garantir a logística reversa das embalagens que levam sua logomarca. As embalagens que sobram no processo industrial ou são devolvidas pelo cliente devem ser destinadas à reciclagem pela empresa. Atualmente, um grande volume de resíduos de plástico e papelão é recolhido e destinado a aterros sanitários, resultando em um alto custo de destinação, além dos impactos ambientais que podem ser causados. Atualmente são 33 toneladas por mês, em média.",DPTMT,,Alternativa para a destinação das embalagens; Reduzir os impactos ambientais e agir em conformidade com normas ESG; Reduzir o custo de destinação; Nova fonte de receita;,
Mensurar o consumo de energia e água por área,"Com a busca pela conformidade na operação e pela racionalização dos recursos naturais, surge a necessidade de mensurar a quantidade de consumo de energia e água em todos os processos industriais. A empresa possui um grande parque industrial e ainda não consegue mensurar de forma efetiva o consumo de energia e água. Medir esse consumo de forma individual é fundamental para validar a economia gerada em cada setor, rastrear custos e descobrir possíveis desperdícios.",DPTMT,,"Medir o consumo de energia e água e avaliar picos de consumo para uma gestão eficiente desses recursos. Permitir identificar padrões de uso, detectar anomalias e tomar medidas para otimizar o consumo. Mapear estruturas e equipamento já utilizados Reduzir o consumo de energia e água. Atender metas ESG",
Monitoramento de presença/ausência do colaborador no posto de trabalho,"Com mais de 13 mil colaboradores, principalmente em operações industriais, o monitoramento de presença é desafiador. Setores com variação de 20 a 300 colaboradores por sala. Atualmente enfrentamos um alto índice de absenteísmo que impacta diretamente na qualidade e produtividade das operações. O desafio inclui manter a precisão do registro de horários e cumprir regulamentações trabalhistas.",DPTMT,,"Reduzir o absenteísmo ; Utilizar os dados de monitoramento para analisar padrões de absenteísmo e identificar áreas problemáticas, permitindo ações corretivas específicas; Identifique as principais razões para o absenteísmo, como questões de saúde, problemas pessoais ou insatisfação no trabalho.",
Sistema de indicadores gerenciais,"A gestão de indicadores é fundamental para garantir a tomada de decisões estratégicas e o sucesso organizacional, principalmente com a crescente exigência por ações com foco em ESG (Ambiental, Social e Governança). A integração de indicadores relacionados à sustentabilidade ambiental, responsabilidade social e governança corporativa nas estratégias de gestão permite às empresas monitorar seu desempenho em áreas-chave de impacto, atender às demandas dos stakeholders e gerar valor a longo prazo. Para isso, é necessário um sistema de indicadores gerenciais que auxilie na análise de dados e permita a elaborada de planos de ação para indicadores GRIs Global Reporting Initiative e geração de relatórios de sustentabilidade.",DPTMT,,"Esperamos um sistema de indicadores gerenciais ESG, para monitoramento e análise de dados, Gestão de projetos com entrada de dados de ações e projetos de ESG. Acompanhamento da evolução e atendimento de indicadores ESG; Gerenciamento de indicadores gerais. Elaboração de relatório de sustentabilidade.",
Automação do processo de desinfecção dos aviários de produção de ovos férteis,Buscamos uma tecnologia que permita a desinfecção dos aviários de produção de ovos férteis de forma automatizada.,DPTMT,,"Visamos garantir a eficiência na aplicação, no processo e na sanidade da granja.",
Automação da viragem de bacias para produtos interfolhados,Buscamos uma solução que automatize o processo de viragem das bacias dos produtos interfolhados.,DPTMT,,"Espera-se que a solução seja capaz de posicionar a caixa de papelão antes do processo e de remover a bacia posteriormente, substituindo toda a mão de obra por tecnologia.",
Sistema que unifique todos os controles relacionados as formulações de produtos,Buscamos um sistema capaz de unificar todos os controles relacionados as formulações de produtos da área de PDI.,DPTMT,,Esperamos que as informações não se sobreponham e que sejam apresentadas de maneira simples e visual.,
ecnologia para identificação de textos semelhantes (interpretativos),Buscamos tecnologia para identificação de textos semelhantes.,DPTMT,,"Temos o objetivo de estabelecer uma regra de negócio, considerando que alguns nomes das ideias são interpretativos, então, a tecnologia teria que conseguir fazer a captura de palavras chave no texto e assimilar aquelas que poderiam ter conexão.",
IA para detecção de fraude em processos de operadoras de saúde,"Precisamos que essa IA tenha capacidade de análise avançada, aprendizado de máquina, detecção de padrões, integração de dados, monitoramento em tempo real, sistema de alerta, adaptabilidade, interpretação de contexto, privacidade e segurança, além de relatórios e visualizações.",DPTMT,,"Redução de fraudes, redução de custos e ganhos em agilidade no processo.",
"IA para auditorias prospectiva, retrospectiva e concorrente","Gostaríamos de agilizar o processo das auditorias prospectiva, retrospectiva e concorrente… Já possuímos automações para auditoria ANTES da liberação, mas precisamos de algo que atue durante a internação do paciente e no pós, ou seja, após o faturamento.",DPTMT,,Ganhos em agilidade no processo de auditoria e em redução de custos de internação.,
IA para Diagnósticos laboratoriais e de imagem,"Buscamos resolver o problema de termos um grande fluxo solicitações de exames laboratoriais e de imagem, muitas vezes sem critérios ou de solicitações ‘duplicadas’ em um curto período de tempo.",DPTMT,,"Redução de custo, redução de sinistralidade, agilidade operacional.",
IA para linhas de cuidados hospitalares,"Hoje não possuímos hospitais próprios, mas possuímos um grande fluxo em hospitais credenciados. Buscamos alguma alternativa que apoie na criação de linhas de cuidados hospitalares a fim de gerar redução de custo, seja através de protocolos, desospitalização, entre outros.",DPTMT,,Custos evitados de internações hospitalares. Redução de eventos adversos.,
"IA para promoção de saúde, prevenção de doenças e tratamento de alto custo","Necessitamos que essa IA apoie na tomada de decisões clínicas para aprimorar a precisão dos diagnósticos e tratamentos. Esse respaldo deve ser embasado em evidências científicas e estudos clínicos que validem a eficácia das intervenções na saúde, prevenção de doenças e tratamentos dispendiosos. Além disso, demonstrar como certas intervenções podem beneficiar os pacientes e reduzir custos a longo prazo. Fornecer informações relevantes e insights aos profissionais de saúde, auxiliando a tomar decisões e otimizar os tratamentos individuais, resultando em melhorias nos resultados de saúde do paciente.",DPTMT,,"Redução de custos, eficácia no tratamento do paciente, redução de sinistralidade, redução do trabalho manual, fomento da medicina preventiva.",
Detecção precoce de doenças oncológicas,"O diagnóstico precoce de doenças oncológicas pode significativamente aumentar as chances de sucesso do tratamento, minimizar a probabilidade de metástase e permitir a realização de procedimentos cirúrgicos em estágios iniciais, reduzindo os riscos associados. Essa prática não só melhora significativamente a qualidade de vida do paciente, mas também reduz os custos associados a tratamentos prolongados e internações. Consequentemente, a detecção antecipada contribui para a sustentabilidade financeira da Cooperativa, resultando em uma situação financeira mais estável e possibilitando ajustes de custos menores para o conjunto dos beneficiários.",DPTMT,,Solução que detecte precocemente futuros tratamentos oncológicos dos beneficiários da Unimed Cascavel.,
Integração omnichannel para médicos cooperados e clientes,"Os diferentes canais de atendimento de médicos cooperados e clientes não são integrados. Temos hoje Apps separados de clientes e cooperados, onde os mesmos possuem integrações simples com nosso ERP, porém temos fragmentação de dados na jornada destes públicos, o que dificulta a tomada de decisão e controle de histórico destes clientes e cooperados.",DPTMT,,"Integração de diferentes canais de atendimento, combinados de forma a oferecer uma experiência positiva aos médicos cooperados e clientes.",
Garantir a temperatura ideal no transporte de leite,"Atualmente a instrução normativa Nº77, DE 26 DE NOVEMBRO DE 2018, diz que a temperatura do leite cru refrigerado no ato de sua recepção pelo estabelecimento não deve ser superior a 7ºC (sete graus Celsius), admitindo-se, excepcionalmente, o recebimento até 9,0ºC (nove graus Celsius). Explicado isto, os tanques dos nossos caminhões e reboques são isotérmicos, ou seja, só mantém a temperatura, não tem refrigeração. Porém alguns fatores podem interferir diretamente nessa temperatura do leite ao chegar na indústria, são entre elas: · Tempo total da rota, saída coleta e regresso até a indústria, quanto maior o tempo maior a perda de temperatura; · Taxa de ocupação, quanto maior a quantidade de leite por compartimento / tanque, maior será a eficácia do tanque em manter a temperatura do leite; · Falha humana, onde o colaborador assume o risco e faz uma coleta no produtor em temperatura acima do permitido, que é até 4ºC; Nos casos em que a temperatura eleve no transporte, e chegue na indústria acima de 9ºC, a transportadora tem que arcar financeiramente com o descarte desse leite, visto que devido a instrução normativa a indústria não pode recebê-lo. Só no primeiro trimestre de 2024 já pagamos 24.000 litros, próximo a R$60.000,00, ou seja, nesse ritmo fecharemos o ano com R$240.000,00 de perda por temperatura fora do padrão.",DPTMT,,"Esperamos que, de forma simples, possamos acessar em tempo real a temperatura do leite armazenado nos tanques dos caminhões ou reboques. Dessa maneira, poderemos tomar medidas preventivas antes que o leite atinja a temperatura de descarte para a indústria.",
Plataforma integrada para gestão de ordens de serviço e compras,Falta de uma plataforma que facilite o processo de solicitação de compras.,DPTMT,,"Ao criar o sistema automatizado (plataforma), onde o prestador cria as solicitações de compra assim que finalizado o serviço, fica a responsabilidade da filial de apenas aprovar os serviços realizados, assim dando agilidade no processo de faturamento e pagamento, evitando custos retroativos, gerando histórico de serviço, maior confiabilidade e evitando possíveis fraudes.",
Restringir o uso de celulares enquanto o caminhão está em movimento,"Atualmente, enfrentamos um alto índice de acidentes de culpabilidade interna causados por distrações decorrentes do uso de celulares durante o deslocamento dos caminhões. Esta situação representa uma ameaça significativa à segurança dos motoristas e de terceiros nas estradas.",DPTMT,,"Ter uma ferramenta/processo que seja capaz de impedir que ocorra o uso do celular enquanto o nosso veículo esteja se movimentando, sem bloquear o sinal do rastreador que atualmente utiliza a rede GSM 4G. Zerar acidente por distração causada por uso do celular.",
Controle de produtividade,"A falta de alertas sobre desvios de rotas e viagens realizadas com tempo inferior ou superior ao programado resulta em improdutividade do veículo e no pagamento de horas por serviços não realizados. Por exemplo, se um motorista tem uma jornada de 5 horas de A até B, mas leva apenas 4 horas porque não respeitou os limites e condições da estrada ou 7 horas devido a paradas para descanso, isso deve ser registrado para possibilitar diálogo com o motorista. O objetivo é orientá-lo a utilizar sua jornada de forma eficiente, parando apenas em casos extremos ou nas paradas programadas dentro de sua jornada conforme determinado pela lei, seguindo a rota estabelecida pelo cliente.",DPTMT,,"Aumento significativo de produtividade, ganho de faturamento, zerar pagamento de horas extras indevidas. Transformando em horas de condução colaborando para a produtividade/aumento de viagens no mês.",
Automatização na Aprovação de Artes de Embalagens,"O objetivo primordial desta demanda é implementar uma solução automatizada para a comparação de imagens, a fim de facilitar a avaliação das artes de embalagens fornecidas pela Cooperativa e seus fornecedores. Esta iniciativa também visa realizar uma análise minuciosa quanto ao cumprimento das legislações de rotulagem, garantindo uma verificação rápida e precisa. A automatização desses processos se propõe a otimizar a eficiência operacional, minimizar erros humanos e assegurar a conformidade legal de maneira expedita, promovendo, assim, uma gestão eficaz e ágil no contexto da aprovação de artes de embalagens",DPTMT,,"Intuitivo e fácil de utilizar, aceitar formatos de arquivos diferentes (JPEG, PDF, Corel Draw, outros), aceitar tamanho de arquivos diferentes, opção de marcar itens á serem desconsiderados da comparação (cabeçalhos, cotas, marcações, rodapés), medir caracteres, analisar ortografia em diversos idiomas, indicar coloração baseada em pantones ECMYK, gerar relatório da análise com orientação de decisão, permitir inclusão de requisitos legais específicos de rotulagem e analisá-los na arte, analisar diferenças por camada na arte.",
Balanceamento de linha e otimização de caixas,"O balanceamento de linha é o processo de organizar as posições de picking de acordo com as características dos pedidos. Ou seja, os itens são distribuídos ao longo das posições respeitando a característica do item e a quantidade de pedidos realizados para aquele item em específico (complexidade aumenta com a quantidade de SKUs). Com relação a otimização de caixas, em algumas unidades de negócios são expedidas caixas de pedidos fracionados. Esses pedidos podem conter diferentes quantidades de produtos e ocupar irregularmente as caixas.",DPTMT,,"Sistema/ferramenta para automatizar o balanceamento. Nesse ponto específico, são esperados sistemas que automatizem o processo, com base no seguinte exemplo: o processo de balanceamento é totalmente manual, analisando a quantidade de pedidos, os SKUs de interesse e distribuindo eles nas posições de picking e armazenagem para eles serem coletados. O detalhe é que se a lógica de armazenamento for ineficiente, os demais processos não serão otimizados. Se eu preciso coletar o produto A várias vezes ao dia, é importante colocar esse produto na Golden Zone (local com a melhor característica de pega). No caso contrário será ineficiente coletar produto A se ele estiver em uma região de picking pouco favorável. Imaginando no caso de armazenamento em pallets. Se eu armazenar um produto que preciso coletar várias vezes ao dia em uma posição mais alta no último corredor, esse processo vai ser ineficiente. Nós não testamos outras soluções, mas fizemos procuramos empresas oferecem esse produto/serviço, mas não atendeu todas nossas especificações (regras de negócio). Com relação as caixas, em alguns processos de picking (pedidos fracionados), o objetivo principal é saber como otimizar a caixa para que seja utilizada a menor caixa possível considerando as características específicas de cada produto e pedido.",
Controle de Cozimento de Peito de Frango,"Na indústria de termo processamento de frango, garantir o total cozimento dos produtos é crucial, incluindo o centro das peças. Embora haja padronização de peso, as dimensões dos produtos variam. Atualmente, a avaliação é feita de forma amostral, utilizando um termômetro de espeto para medir a temperatura no centro das peças recém-saídas do forno. No entanto, precisamos avaliar 100% dos produtos da linha de produção. Testamos uma câmera hiperespectral, mas não atendeu às nossas necessidades. Além disso, a tecnologia que procuramos precisa ser capaz de remover os produtos fora de padrão da linha de produção ou, se não for a expertise da empresa, ser capaz de disponibilizar os dados para que a automação consiga automatizar o processo.",DPTMT,,"Avaliação da temperatura interna de 100% dos produtos que passam na linha com possibilidade de identificação das não conformidades e retirada da linha. A automação do processo precisa também ser considerada para que de acordo com os dados capturados, serão gerados cenários de ajustes nas fornalhas.",
Inteligência Artificial na Criação de Fragrâncias,"Inteligência Olfativa – Utilização de IA para criar blockbusters (o que faz um produto de mercado virar um blockbuster?) de perfumaria através de análises de tendências, dados de mercado e através de combinação de algoritmos (Watson perfumista). Dados vindos dos principais reports de tendencias como Mintel e WGSN, correlações de ranking de mercado como Segmenta, dados de lançamentos de produtos com nomenclatura de produtos, ingredientes das fragrâncias, famílias olfativas, posicionamento de marca interligados via algoritmo.",DPTMT,,A ferramenta poder trazer análise dos fatores de sucesso de um produto nacional/internacional trazendo respostas dos principais fatores de sucesso e suas contribuições dentro do produto. Otimização na leitura de dados e assertividade na criação de fragrâncias de sucesso.,
Inteligência Artificial para Gestão de Projetos de Produtos,"Aplicação de inteligência artificial na gestão de projetos de produtos da empresa, que possam gerar produtividade, assertividade e aceleração na gestão de projetos de produtos com foco nos indicadores Orçamento, Produtividade, Time-To-Market e redução de riscos.",DPTMT,,"Ganho de produtividade, mitigações de riscos ao negócio e redução do time-to-market com dados otimizados.",
Metodologia para Mensuração do Impacto Iniciativas Sociais,"O objetivo é mensurar o propósito da empresa através de suas iniciativas sociais, criando uma metodologia de impacto que englobe todos os projetos da frente de impacto social, fornecendo resultados quantitativos e qualitativos para avaliar se as oportunidades criadas estão efetivamente transformando a vida das pessoas e o mundo ao nosso redor. Buscamos evidenciar a conexão emocional com os beneficiados por meio de uma metodologia tangível.",DPTMT,,"A solução deve comprovar o impacto real na vida de cada indivíduo, destacando o diferencial dos projetos na vida dos beneficiários e a mudança efetiva proporcionada por eles. Ela deve responder perguntas como: Qual seria o impacto se o projeto não existisse? Como podemos capturar essa transformação de forma que os números não conseguem traduzir? A solução deve ser replicável, confiável, evidenciável e auditável, fornecendo exemplos concretos de mensuração de impacto qualitativo.",
Modelos de logística reversa para vidro transparente pós-consumo,"A cadeia do vidro no Brasil possui inúmeras complexidades quando o assunto é logística reversa, como: qualidade do material, valor agregado, logística e risco no manuseio. Com isso, há uma escassez desse material no mercado da reciclagem, tornando-se uma dificuldade para contribuirmos com os Compromissos de ESG da empresa (inserção de material reciclado nas embalagens de produtos e avançar no tema de circularidade). A questão de coleta e reciclabilidade do vidro não é desafio somente da empresa, mas sim da cadeia como um todo.",DPTMT,,"Opções de novos modelos de negócios e/ou projetos estruturantes e perenes, que sejam viáveis e sustentáveis financeiramente ao longo do tempo, para captação de vidro transparente (tecnicamente chamando de flint), recolhimento de grandes volumes (toneladas) e encaminhamento para a cadeia produtiva e fabricação de novas embalagens de produto para a empresa, localizada em São Paulo.",
Descarbonização – tecnologias para captura de carbono na cadeia de mobilidade,Descarbonização – tecnologias para captura de carbono na cadeia de mobilidade.,DPTMT,,"Soluções que atendam as necessidades da Captura de Carbono na Cadeia de Mobilidade: Análise das Emissões Atuais: 1) Avaliar as emissões de carbono em toda a cadeia de mobilidade, desde a produção de veículos até seu uso e descarte. 2) Identificar os pontos críticos de emissão ao longo da cadeia, incluindo a fabricação, o abastecimento de combustível e as operações de transporte. Desafios do segmento: 1) Reconhecer os desafios técnicos e logísticos associados à captura de carbono em diferentes etapas da cadeia de mobilidade, como a captura de emissões de escapamento e a implementação de tecnologias de armazenamento. 2) Explorar soluções inovadoras para superar esses desafios, incluindo o desenvolvimento de tecnologias mais eficientes e a integração de práticas sustentáveis em toda a cadeia. Exploração de Tecnologias de Captura: 1) Tecnologias de captura de carbono adaptadas à cadeia de mobilidade, como sistemas de captura de emissões veiculares e infraestrutura para captura e/ou armazenamento de carbono em estações de abastecimento. 2) Viabilidade técnica, econômica e operacional dessas soluções em diferentes contextos, considerando a diversidade de modos de transporte e fontes de emissão.",
"Desenvolvimento de hardware para monitoramento e controle de insumos(energia elétrica, ar)","Desenvolvimento de hardware low cost para monitoramento e controle de insumos (energia elétrica, ar comprimido, óleo, etc.) para máquinas industriais. Esse hardware deve conseguir trabalhar com válvulas, sensores e disjuntores para poder controlar todos os insumos que a máquina recebe e assim poder atuar nesses insumos de forma remota.",DPTMT,,"Poder conhecer detalhadamente o quanto é gasto de cada insumo por máquina, além de poder desligar a entrada de insumos quando a máquina não estiver sendo utilizada.",
Ferramenta de Inteligência Artificial para desenvolvimento e ajuste de cor de maquiagem,"Redução do impacto de tempo, quando é preciso fazer um ajuste de cor de um granel, e da mesma maneira temos esse impacto no desenvolvimento de um novo produto.",DPTMT,,"A ferramenta poderia trazer maior acuracidade e objetividade na análise. Além disso, a ferramenta pode auxiliar no desenvolvimento de novas cores, aumentando a assertividade com relação a desenvolvimento baseado em benchmarks de mercado e proporcionar a análise de reprodutibilidade de cores em bancada ao longo dos projetos (para produção de amostras para testes com consumidor, por exemplo que são feitas em escala laboratorial ou semi-piloto).",
Impressão 3D de embalagens Maquiagem,"Impressão 3D de embalagens de maquiagem, especificamente para escovas para máscaras de cílios e aplicadores de batons líquidos.",DPTMT,,"A prototipagem nos ajudaria a reduzir o prazo e investimento no molde de injeção deste componente, além de trazer exclusividade em formatos de aplicadores para a empresa.",
Inovação em TAGs para controle de inventário,"O processo de inventário de estoque hoje é feito por meio de amostragem ao longo do ano e em datas específicas aumentam o número dessas amostragens. Ponto é que o processo além de não ser eficiente, visto que não gera valor para a operação, também não gera acuracidade do estoque, uma vez que não é realizado um inventário total.",DPTMT,,"Sistema/ferramenta/técnica de inventário que automatize e/ou aumente a acuracidade de estoque. Solução para a TAG Sustentável, hoje ela não é sustentável.",
Inserção de braille em embalagens recicladas pós-consumo (PCR),"Quando uma embalagem de papel é fabricada e desenvolvida com resíduos recicláveis, ela passa por vários processos físicos e químicos, o que torna um material com uma qualidade diferente quando comparada a um material virgem. Desta maneira, a embalagem reciclada é composta por algumas ‘imperfeições’ de cores, texturas, relevo, espessura e formas, o que acaba dificultando o processo de inserção do braille. A linguagem do braille possui regras e diretrizes específicas de impressão, legislação brasileira, que devem ser representadas 100% para que a comunicação aconteça de maneira correta para os consumidores.",DPTMT,,"Espera-se alcançar uma tecnologia e processo 100% seguro, financeiramente viável e correto para inserir o braille em embalagens secundárias (que não possuem contato direto com o produto – cartuchos) de cosméticos.",
Gestão de Competências,Gestão de Competências de pessoas para decisão estratégica – Olhar estratégico sobre as competências dos times e como usar isso nas tomadas de decisão (visão clara de como alocar as pessoas certas nas operações certas – Flexível e ajustável – manter vivo as informações).,DPTMT,,"Gestão de Competências por Portfólio: Implementação de um sistema abrangente para gerenciar as competências dos colaboradores, que leve em consideração diferentes níveis organizacionais, como processos, áreas, gerências, diretorias, plantas, etc. 2) Análises Comparativas de Competências: Desenvolvimento de métricas para comparar e analisar as competências em diferentes níveis organizacionais, permitindo uma avaliação holística e comparativa das habilidades dos colaboradores. Trilhas de Desenvolvimento para Colaboradores: Estabelecimento de trilhas de desenvolvimento para os colaboradores, oferecendo um caminho claro para o aprimoramento e evolução dentro das competências necessárias para suas funções. Retroalimentação e Engajamento por Gamificação: Implementação de um sistema de retroalimentação que incorpore elementos de gamificação, incentivando os colaboradores a se tornarem especialistas em determinadas competências e a compartilharem seu conhecimento com outros, promovendo assim um ciclo de aprendizado contínuo e engajamento. Gestão Visual das Competências e Processos: Desenvolvimento de uma interface visual intuitiva que permita uma gestão clara e acessível das competências em relação aos processos, áreas e demais aspectos organizacionais, facilitando a compreensão e a tomada de decisões estratégicas.",
Modelo de Conectividade,A infraestrutura para suportar a conectividade que a indústria 4.0 demanda é a base para novos desenvolvimentos e aplicações. Na empresa estamos evoluindo muito nas aplicações de smart manufacturing e a infraestrutura para este avanço já se tornou um gargalo. Necessitamos de uma visão de longo prazo de qual a melhor forma de estruturar nosso modelo de conectividade para estarmos preparados para os avanços da indústria 4.0 e 5.0.,DPTMT,,"Um modelo futuro de conectividade que contemple passos de implementação, visando robustez e segurança para novas aplicações. Importante que leve em conta aplicações futuras, throughput, latência, segurança da informação e padronização de equipamentos. Estamos abertos a sugestões de redes alternativas como Lora, 5G privado ou outras opções.",